{
	"uvSize": [1952, 1008],
	"uvSymbolOffset": [0, -288],
	"uvSymbolSize": [122, 144],
	"symbolSize": [0.8508333, 1],
	"letterWidths": [
		0.0     , 140.8125, 0.0     , 0.0     , 0.0     , 0.0     , 0.0     , 0.0     ,
		0.0     , 0.0625  , 0.0     , 0.0     , 0.0     , 0.0     , 0.0     , 0.0     ,
		0.0     , 0.0     , 0.0     , 0.0     , 0.0     , 0.0     , 0.0     , 0.0     ,
		0.0     , 0.0     , 0.0     , 0.0     , 0.0     , 0.0     , 0.0     , 0.0     ,

		57.6    , 23.68   , 35.584  , 71.16799, 73.44   , 87.67999, 73.472  , 21.376  ,
		28.416  , 28.416  , 45.056  , 76.8    , 35.584  , 42.624  , 35.584  , 48.96   ,
		71.16799, 71.16799, 71.16799, 71.16799, 71.16799, 71.16799, 71.16799, 71.16799,
		71.16799, 71.16799, 35.584  , 35.584  , 76.8    , 76.8    , 76.8    , 64.0    ,

		102.4   , 80.64   , 78.20799, 87.67999, 82.944  , 68.73599, 61.56799, 92.416  ,
		82.944  , 16.384  , 59.264  , 76.31999, 61.56799, 99.83999, 82.944  , 92.28799,
		73.472  , 92.28799, 78.20799, 78.20799, 73.44   , 80.89599, 78.48   , 119.52  ,
		77.76   , 80.64   , 72.0    , 28.416  , 48.96   , 28.416  , 76.8    , 67.68   ,

		25.92   , 64.8    , 68.73599, 64.0    , 68.73599, 64.0    , 33.84   , 66.43199,
		64.0    , 16.64   , 20.16   , 59.76   , 16.64   , 99.58399, 64.0    , 66.43199,
		68.73599, 68.73599, 36.0    , 59.264  , 36.0    , 64.0    , 60.48   , 95.04   ,
		61.92   , 60.48   , 55.44   , 42.624  , 28.416  , 42.624  , 76.8    , 0.0     ,


		110     , 110     , 110     , 110     , 110     , 110     , 110     , 110     ,
		110     , 110     , 118     , 99      , 110     , 98      , 0.0     , 0.0     ,
		0.0     , 28.1875 , 28.1875 , 59.125  , 59.125  , 0.0     , 74.8125 , 140.0   ,
		47.5625 , 131.0625, 51.3125 , 35.1875 , 78.25   , 0.0     , 0.0     , 98.4375 ,

		34.0    , 23.68   , 71.16799, 71.16799, 71.16799, 71.16799, 28.416  , 71.16799,
		16.64   , 102.4   , 38.4    , 45.056  , 76.8    , 0.0     , 102.4   , 16.64   ,
		51.2    , 76.8    , 42.624  , 42.624  , 16.64   , 71.16799, 76.8    , 35.584  ,
		16.64   , 42.624  , 38.4    , 45.056  , 106.752 , 106.752 , 106.752 , 64.0    ,

		73.59999, 73.59999, 73.59999, 73.59999, 73.59999, 73.59999, 109.056 , 87.67999,
		68.73599, 68.73599, 68.73599, 68.73599, 16.384  , 16.384  , 16.384  , 16.384  ,
		82.944  , 82.944  , 92.28799, 92.28799, 92.28799, 92.28799, 92.28799, 76.8    ,
		92.28799, 80.89599, 80.89599, 80.89599, 80.89599, 68.86399, 73.472  , 61.56799,

		61.56799, 61.56799, 61.56799, 61.56799, 61.56799, 61.56799, 113.792 , 64.0    ,
		64.0    , 64.0    , 64.0    , 64.0    , 16.64   , 16.64   , 16.64   , 16.64   ,
		66.43199, 64.0    , 66.43199, 66.43199, 66.43199, 66.43199, 66.43199, 76.8    ,
		66.43199, 64.0    , 64.0    , 64.0    , 64.0    , 52.096  , 68.73599, 52.096  
	]
}
